{
    "queryTime": "24/02/2015 11:30:00",
    "stockList": [
        {
            "name": "NASDAQ",
            "value": 4725.64,
            "change": -37.58,
            "netpct": 0.79
        },
        {
            "name": "NASDAQ-100 (NDX)",
            "value": 4312.01,
            "change": -29.38,
            "netpct": 0.68
        },
        {
            "name": "Pre-Market (NDX)",
            "value": 4316.29,
            "change": -25.1,
            "netpct": 0.58
        },
        {
            "name": "After-Hours (NDX)",
            "value": 4320.61,
            "change": 8.6,
            "netpct": 0.2
        },
        {
            "name": "DJIA",
            "value": 17651.26,
            "change": -99.65,
            "netpct": 0.56
        },
        {
            "name": "S&P 500",
            "value": 2051.12,
            "change": -12.25,
            "netpct": 0.59
        },
        {
            "name": "Russell 2000",
            "value": 1113.13,
            "change": -8.62,
            "netpct": 0.77
        }
    ]
}