<!DOCTYPE report>
<report>
    <heading>Login Report 2024/09/20</heading>
    <device_name>JI</device_name>

    <user>
        <username>aw321</username>
        <name>Anna Wright</name>
        <group>Student</group>
        <login>
            <record>2024/08/30 04:50:50: success</record>
            <record>2024/09/01 01:30:56: fail</record>
            <record>2024/09/01 02:00:10: success</record>
        </login>
    </user>

    <user>
        <username>jasonm</username>
        <name>Jason Mill</name>
        <group>Staff</group>
        <login>
            <record>2024/08/28 14:05:23: success</record>
            <record>2024/09/10 09:25:33: fail</record>
        </login>
    </user>

    <user>
        <username>Tudor</username>
        <name>Yinqiao Li</name>
        <group>Student</group>
        <login>
            <record>2024/09/01 00:00:10: success</record>
            <record>2024/10/01 00:00:10: fail</record>
            <record>2024/11/01 00:00:10: success</record>
        </login>
    </user>
</report>
