<?xml version="1.0" encoding="UTF-8"?>
<?xml-stylesheet type="text/xsl" href="A4Q1Style.xsl"?>
<!DOCTYPE report>
<report>
    <heading>Login Report 2023/09/20</heading>

    <device_name>Sydeny</device_name>

    <user>
        <username>aw321</username>
        <name>Anna Wright</name>
        <group>Student</group>
        <login>
            <record>2023/08/30 04:50:50: success</record>
            <record>2023//01 01:3056: fail</record>
            <record>2023/09/01 02:00:10: fail</record>
        </login>
    </user>

    <user>
        <username>jasonm</username>
        <name>Jason Mill</name>
        <group>Staff</group>
        <login>
            <record>2023/08/28 14:05:23: success</record>
            <record>2023/09/01 09:25:33: fail</record>
        </login>
    </user>

    <user>
        <username>Johnny</username>
        <name>Wenbin Liu</name>
        <group>Student</group>
        <login>
            <record>2023/07/30 04:50:50: success</record>
            <record>2023/09/01 01:33:56: fail</record>
            <record>2023/09/01 02:30:10: fail</record>
        </login>
    </user>
</report>