<?xml version="1.0" ?>
<?xml-stylesheet type="text/xsl" href="transaction-style5.xsl"?>
<dailyTransaction date="24/02/2015">
   <person staffDbId="103" operation="update">
      <firstName>John</firstName>
      <lastName>Smith</lastName>
      <mobile></mobile>
   </person>
   <person staffDbId="-1" operation="add">
      <firstName>Mary</firstName>
      <lastName>Jane</lastName>
      <mobile>0244556677</mobile>
   </person>
   <person staffDbId="3" operation="remove">
      <firstName>Matt</firstName>
      <lastName>Brown</lastName>
      <mobile>0441556677</mobile>
   </person>
</dailyTransaction>